{
  "KlientPage" : {
    "transaction" : "KlientPage",
    "sampleCount" : 340,
    "errorCount" : 0,
    "errorPct" : 0.0,
    "meanResTime" : 4.905882352941176,
    "medianResTime" : 5.0,
    "minResTime" : 1.0,
    "maxResTime" : 10.0,
    "pct1ResTime" : 6.0,
    "pct2ResTime" : 6.0,
    "pct3ResTime" : 7.589999999999975,
    "throughput" : 1.1368043760281394,
    "receivedKBytesPerSec" : 6.81083481145765,
    "sentKBytesPerSec" : 0.14543102857391235
  },
  "StartPage" : {
    "transaction" : "StartPage",
    "sampleCount" : 340,
    "errorCount" : 0,
    "errorPct" : 0.0,
    "meanResTime" : 5.98529411764706,
    "medianResTime" : 6.0,
    "minResTime" : 1.0,
    "maxResTime" : 29.0,
    "pct1ResTime" : 7.0,
    "pct2ResTime" : 7.0,
    "pct3ResTime" : 10.17999999999995,
    "throughput" : 1.1347669222117276,
    "receivedKBytesPerSec" : 25.103393641467054,
    "sentKBytesPerSec" : 0.13187232787421443
  },
  "GetNameKlient" : {
    "transaction" : "GetNameKlient",
    "sampleCount" : 340,
    "errorCount" : 0,
    "errorPct" : 0.0,
    "meanResTime" : 4.829411764705879,
    "medianResTime" : 5.0,
    "minResTime" : 1.0,
    "maxResTime" : 7.0,
    "pct1ResTime" : 6.0,
    "pct2ResTime" : 6.0,
    "pct3ResTime" : 7.0,
    "throughput" : 1.1383115491750588,
    "receivedKBytesPerSec" : 6.819864603700182,
    "sentKBytesPerSec" : 0.14562384076360618
  },
  "Debug Sampler" : {
    "transaction" : "Debug Sampler",
    "sampleCount" : 339,
    "errorCount" : 0,
    "errorPct" : 0.0,
    "meanResTime" : 0.17699115044247776,
    "medianResTime" : 0.0,
    "minResTime" : 0.0,
    "maxResTime" : 7.0,
    "pct1ResTime" : 1.0,
    "pct2ResTime" : 1.0,
    "pct3ResTime" : 1.0,
    "throughput" : 1.1424219345011426,
    "receivedKBytesPerSec" : 0.4413484075177429,
    "sentKBytesPerSec" : 0.0
  },
  "Total" : {
    "transaction" : "Total",
    "sampleCount" : 2038,
    "errorCount" : 14,
    "errorPct" : 0.686948,
    "meanResTime" : 5.582433758586846,
    "medianResTime" : 5.0,
    "minResTime" : 0.0,
    "maxResTime" : 91.0,
    "pct1ResTime" : 8.0,
    "pct2ResTime" : 13.0,
    "pct3ResTime" : 37.0,
    "throughput" : 6.796731699182924,
    "receivedKBytesPerSec" : 59.44464094026179,
    "sentKBytesPerSec" : 1.13753817012673
  },
  "AddComment" : {
    "transaction" : "AddComment",
    "sampleCount" : 340,
    "errorCount" : 14,
    "errorPct" : 4.117647,
    "meanResTime" : 7.958823529411769,
    "medianResTime" : 5.0,
    "minResTime" : 1.0,
    "maxResTime" : 91.0,
    "pct1ResTime" : 16.0,
    "pct2ResTime" : 34.94999999999999,
    "pct3ResTime" : 64.30999999999977,
    "throughput" : 1.140354113492066,
    "receivedKBytesPerSec" : 0.3478774425378916,
    "sentKBytesPerSec" : 0.5687129646943012
  },
  "GuestView" : {
    "transaction" : "GuestView",
    "sampleCount" : 339,
    "errorCount" : 0,
    "errorPct" : 0.0,
    "meanResTime" : 9.634218289085545,
    "medianResTime" : 7.0,
    "minResTime" : 2.0,
    "maxResTime" : 57.0,
    "pct1ResTime" : 15.0,
    "pct2ResTime" : 24.0,
    "pct3ResTime" : 41.60000000000002,
    "throughput" : 1.1408609966884742,
    "receivedKBytesPerSec" : 20.17292186721758,
    "sentKBytesPerSec" : 0.15152060112268798
  }
}